,X1,X2,X3,Label,f
0,0.7733546302240288,2.8467597570464562,0.06439659296293465,3,2.4651468532815435
1,0.8170413730588022,3.161933804757526,1.1832123342761527,11,3.332333017154062
2,0.8054562647643695,3.1635013596923094,1.6245209866530612,12,3.5354407063555744
3,1.343197860749993,3.121874047567581,1.3945996696115177,14,3.748446507789359
4,1.4091473706507411,3.038561555620022,0.3012914907171944,11,3.3737723184630157
5,0.732387502544622,3.005861337188401,1.4584757541278166,10,3.2931130150336196
6,1.0239473099603313,3.0129591047544393,1.3632057478924597,14,3.6714764428295568
7,0.9864394997559907,2.924176325119174,0.681133430683684,10,3.2344197215788877
8,0.824161635895813,2.8909189221998517,1.4484952013822228,11,3.3869629408547333
9,0.9247296494765915,2.9678056519183658,1.9745184020660258,14,3.706733088739958
10,1.1544291134182898,2.9050737846596664,0.009811917174165963,8,3.0385166023640267
11,0.9660531565666624,3.199419143983997,0.9104183062004942,11,3.4210228641222096
12,1.0777141723621706,3.1945454608758825,0.31132614631722855,10,3.206327189619848
13,0.8052518630940387,2.821655182857583,0.8683436709075674,8,3.042052638975768
14,0.8158708264347441,3.233303183885379,1.932558314579804,14,3.692769440665815
15,1.392247942217312,3.19204866907465,0.005440570953273216,11,3.364413349545414
16,1.117540988368531,3.00466804993436,1.6100556540260447,15,3.835376937152246
17,1.328960060117249,2.796635932176205,1.6454935197756737,12,3.4598783056854927
18,1.1105292300450094,3.185465220637141,1.2237941696282901,15,3.7912516859882333
19,1.410940397513286,3.0973281012625433,1.4694470568691274,13,3.658609476347377
20,1.2783192607872174,2.8455335457511954,0.394717284798187,11,3.309947912382256
21,0.8403382800458772,2.8693079643076103,1.2384466138224572,10,3.3082769541933703
22,1.0562534739197482,2.8871323610778434,0.1824319076604517,8,3.0098775432606177
23,0.7872462767448829,2.925632630773976,0.8021847533230615,8,2.998936661250345
24,1.2652491278935116,2.8785957600519274,1.583394192903734,13,3.614999783436746
25,1.3515734906330688,3.0427627562787105,1.0851620131731832,13,3.616764778716334
26,1.305620669151378,3.2319192729869006,1.2543110190664883,15,3.869857643381243
27,1.055991221020413,2.9786348900150244,1.8594495593303904,15,3.824888587528838
28,0.9536374782064616,3.0685197843236605,0.8931686818134761,11,3.354706142974037
29,1.008231518249162,2.812024247020394,0.36773744507717065,8,3.039453323326814
30,1.0616414551130213,3.0563865899343035,1.508894022658367,15,3.791719618932379
31,1.0812247936075046,3.159037249565907,0.8412287999552386,12,3.538921955619077
32,0.8393229565820888,3.1883851854113874,0.18723834840010856,6,2.7178924512996647
33,1.152587805207163,3.1990865606789396,1.3992822974681467,16,3.917295027289469
34,1.3702921849804126,3.126531072736973,0.05321388806304039,11,3.3448630263940298
35,1.117432080576591,3.076237149039492,1.2723164488990366,14,3.767036722525429
36,1.1300375076865534,3.1975194837133376,1.9334646573067287,17,4.048340425764599
37,1.1637560085964846,2.8315918845279566,0.5208046883579136,11,3.3232859038733227
38,1.2281963028979113,3.042695734913214,0.6822061596175555,13,3.5571752319096
39,0.7658983905573179,3.111211848313425,0.491715213592385,6,2.7938177348857245
40,1.1026196361911484,2.9932221009845836,1.4228788146302724,14,3.76390720416726
41,1.3760620605372123,2.8037364893741152,0.7992457159769282,11,3.3415539581401186
42,0.8399815973184199,3.115744610395424,1.1620840054837576,11,3.345008564370548
43,0.8229864149540093,2.9360300965405366,0.1401870554928688,5,2.617569538481851
44,1.3917270035041964,3.10821429538272,0.8938255339480614,13,3.6003809240456506
45,0.9492375373327231,3.1415592549233082,1.6169687510438242,14,3.7343229054230087
46,0.9233584794900178,2.7726170339328062,0.6759427735137737,9,3.094348283085222
47,0.9769107685167605,2.763348397331103,1.6780754538994664,13,3.579277787947416
48,1.0818905911223773,3.0531692088771094,0.7245118742476238,12,3.4354267067605258
49,0.9458368569434957,2.918671389265549,1.6185115258775815,13,3.6228506621138497
50,1.0153611834389178,2.766008524757239,0.07278407522297159,7,2.8460896282883446
51,1.4116376243117281,3.2305156401198056,0.8441424710816199,14,3.6760802941950623
52,1.1115807971944536,2.989616826961102,1.243427486103706,14,3.7027215981010153
53,0.854844408199769,3.2184845793222903,1.3104648218698978,12,3.479496786610035
54,1.0420722097931177,3.0944557165162996,1.24119994195551,14,3.6759095165997486
55,1.0412450612941622,2.9174122582149846,0.45896732990376243,9,3.174536230697487
56,0.9802351739172258,2.980381866148951,0.884502615551017,11,3.362169136344659
57,1.2297005458504773,3.0018182526049437,1.367992222188919,14,3.749065680424432
58,1.327288259503139,3.0996615625479635,0.6490929440840547,13,3.572048342806418
59,1.4749848216429187,2.9003157028473177,0.520266508438517,10,3.3035808055236418
60,1.370661252154733,2.813365697693691,1.820190628983328,12,3.430467758716489
61,1.0629497127412044,3.0988485353910944,0.48488161736710045,10,3.274406322289189
62,0.80010777554017,3.144324145004905,0.25340879000064587,5,2.69026807479641
63,1.319846444280151,2.921156270539292,1.3818603787863006,13,3.5781663673124644
64,1.3688276913922262,3.0437416437823535,1.2580754659041224,13,3.6288479264088553
65,0.9115887291612265,3.058630303500915,0.0264075170699567,5,2.7068957841516355
66,1.4200784419126078,3.054128164612891,1.5761815707924582,13,3.614182636428153
67,1.1619962933392574,3.1070906828849187,0.8990832764290557,13,3.6499312141495985
68,0.8227302167451394,2.937174822557568,1.3137628999298194,11,3.341704968347477
69,1.4709532728414616,2.978977101823592,0.1459075922519104,10,3.2589336209803927
70,1.1108699025749644,2.8684061581640194,1.4780322320118022,14,3.699627529673357
71,0.8078700854786062,3.166809583398714,1.0061940719426063,10,3.214070482400592
72,1.1881085234157913,3.0427392899548704,0.3893768301246763,11,3.364965193302976
73,1.199335855413546,3.108384224627313,0.4984398745016634,12,3.4679038012346712
74,1.3721057385967603,3.1078096751507283,1.6180442057196833,14,3.7212813449648445
75,1.3631222167660764,3.1703173131595,0.3732312783112306,12,3.510929867845902
76,1.2359094855360757,3.0472884632360544,0.474699279073153,12,3.4605961854528
77,0.8280638232196328,3.1732368773825668,1.6978244621669165,13,3.603671280741776
78,1.0370412494185843,3.1573209875552335,0.7572961406461889,11,3.4242566263621725
79,0.7252363824979488,3.2352511276571803,0.09481719243799658,3,2.4508844599341213
80,1.3177485743891948,2.8405101849891037,0.2642229773332314,10,3.249982894846803
81,0.7138785903091274,2.83283748643604,1.27113361375894,9,3.1196759498634066
82,0.8638031167493463,3.0595024725422864,1.4030323350084806,12,3.48828569656434
83,1.4264318857276732,2.9934453924349307,1.007969729003801,12,3.499018653928972
84,1.3406102027029385,3.1919375771243503,0.963042583370253,14,3.7315431736061897
85,0.9496465971334983,3.193656091853924,0.13544334695786597,7,2.872732219920244
86,1.3602044823301846,3.008179635362235,1.6313899885700311,13,3.6355885280815636
87,0.8091119167032721,3.147871554357386,1.0884137256603017,10,3.2609075758872166
88,0.7568531445397966,3.168724196871945,0.3424301197101629,5,2.6810845363471807
89,0.8014238944948424,2.950908411106272,0.1787674954555376,5,2.610338437992774
90,0.9529417097770738,2.7987704043787978,1.103471377782593,11,3.373516866404973
91,0.8472607797170955,3.1086620716555187,0.6805667971370852,8,3.060512605433275
92,0.7357550801062094,2.845229965146273,0.17480146607869274,4,2.4786402883277674
93,0.9361984544998333,3.1868269119501713,0.23900479113208095,7,2.9226737913766665
94,0.7096029994692037,2.8491232419457164,0.19566734107684813,3,2.4487151582644486
95,0.8846440586396868,3.0632903944757888,0.042372606557056436,5,2.673062221501068
96,1.4692482957737447,2.897463916146544,1.7234388158294474,12,3.4303897195290944
97,1.26044529250378,2.898294210564343,0.22442259695913314,10,3.26602233988328
98,0.7526611026676707,3.0025918148661046,1.7024794968750228,11,3.4245822562271857
99,1.099806954113458,2.852867870334524,1.134260470647462,13,3.5716309367298145
100,1.4603424104319693,3.148216944404104,0.34980502856083695,12,3.4455465205231954
101,1.1696647396661453,3.173179960806425,0.6031741334287675,12,3.5197185399864916
102,1.2786314429946266,3.0784408016098737,0.04735155352179721,10,3.2685121623497504
103,0.9979594103778048,2.809314187040678,1.8674180969871288,13,3.6567850779691398
104,0.8473850734079411,2.8418910042916203,1.6996332053095067,12,3.4839472548397903
105,0.707117665639263,2.96030538128094,1.4196738735428283,10,3.2202865849319937
106,0.9425264824412949,2.984498309875959,0.6540372978424409,9,3.168687617000716
107,1.392189817635578,3.030355476625669,0.7406936179897313,12,3.5005742940083184
108,0.9958272453769628,2.7706014747531045,0.05894985270318931,6,2.8088870349216677
109,1.123051289817293,3.2422367247368555,1.2608025677525245,15,3.849057929747901
110,1.0158335863906325,3.087083598195329,1.3046615537182267,14,3.6685189272627383
111,0.8645077486149989,2.8967035007286683,0.4071759865849358,7,2.8639851645980947
112,0.7677652914188895,3.1506156804194374,1.867508158806806,13,3.5648162468722164
113,1.4322244462432057,3.103933815646569,1.71910375926654,13,3.651195472217426
114,0.8110749308832182,2.9202766935429265,1.4675946172847025,11,3.3872763930729435
115,1.031777287177154,3.154702937406932,1.0339431229204232,13,3.577865936559412
116,1.1799711159234065,2.939022470219929,0.9480093022745928,13,3.592014859047907
117,1.345024730515099,3.1243468791523155,0.9611314501445516,14,3.6685867815382167
118,1.0412282588352226,2.8769109808797975,1.2259216626682863,13,3.568026163951334
119,1.2878007929748922,2.971290259950554,0.7942951273036203,12,3.5368989125774775
120,1.479948756046138,3.0633710234034335,1.75156714465848,13,3.5670070073177373
121,1.3027179079967433,3.0191719837724222,0.13166935455460194,10,3.303719230948028
122,1.05019081163117,3.124934785891543,0.23167944024074183,9,3.0925094438571397
123,1.4723227624240969,3.0796264069396853,0.01570201066250365,10,3.283854015268748
124,1.0588354284772437,3.148813425992248,0.6464947146589706,11,3.3853042958705637
125,1.4768352326032839,2.959736660727707,0.9132216369539257,11,3.4250096559087653
126,1.3312913551504322,2.7636428377943134,1.976918116198579,11,3.4168048006963754
127,0.7818716024580951,2.973685164356187,0.8624420492640883,8,3.0382709972261743
128,1.0549697638228819,3.0317075956550803,0.12771589788765736,8,3.0072758739068095
129,1.3394426976183045,3.2141621864324432,0.2894097588982032,12,3.5045712119181402
130,0.947511817614108,3.03734679406796,0.23782057310771143,7,2.9127570135137995
131,0.8657855787336662,2.806026651942115,1.9592147169605907,12,3.5366341799101515
132,0.7632029668360812,3.0617075418917628,0.6583403179762575,7,2.8940088294071593
133,1.0225859151831345,2.9792040228025316,1.1819602992464577,13,3.574441232130481
134,0.9523573569964396,2.9974287533669814,0.2081459033655445,7,2.892137573470629
135,0.8187216136688238,2.939027211540566,1.781386897745228,12,3.5167907537728436
136,1.402125266320876,2.8405918081010757,1.789015336901657,11,3.4284497335729167
137,1.383644797082335,2.891952659953606,0.27704212831640906,10,3.270508785317345
138,1.1398940849680643,2.838573574884493,1.0856181473995834,13,3.56590440826877
139,0.8082522299554203,2.920110157525516,1.143692681661974,10,3.228229472316494
140,1.2605045689211716,3.0592129442146283,0.30275507856621964,11,3.391259337293345
141,1.4368905223844082,3.1872416297230197,1.7411245551075671,14,3.7281669897218914
142,1.1947648428690523,3.183921396365162,0.3845864482321215,11,3.4207707560981415
143,1.2745053214214634,2.858613543042011,1.4253258395035406,13,3.5705732458445953
144,1.1990543212204878,2.8268405826434577,1.599891648957776,13,3.6393531078694714
145,0.9038440039413143,2.7831773431043723,0.43279549044013543,7,2.917745960701794
146,1.4341568423306805,2.9002241455587936,1.5066395999600668,12,3.4600632053823435
147,1.389522708420098,2.762443745670906,0.8224806900477386,10,3.3052362455575195
148,1.4335622675584223,3.004627397310845,1.9452388868066814,12,3.544408694778724
149,1.420872381507204,3.0489432819002205,1.0449660904814517,13,3.5555926330669516
150,0.7452860602296609,3.0369362387457746,1.966598355083809,12,3.5099420385978584
151,0.8017136069553606,3.1234826945750664,0.40042090157936716,6,2.7945103971676204
152,1.2017667375161762,3.1493286980064013,1.070832608657162,14,3.7848061399224755
153,1.360557293728283,2.88186335615831,0.3282026360381676,10,3.2884661744631147
154,1.1443808018818173,3.1640447066013264,0.960239699729045,14,3.6882215408907224
155,1.36860433283921,3.0784922759430673,0.5185466250278956,12,3.492284210463059
156,0.887209633133086,2.901221023898042,0.8839734724119523,10,3.199824904066405
157,0.9860859739839454,2.8558794999650026,1.264389101900077,12,3.5114787198647317
158,1.4543576170505306,3.151818496826503,1.5797888303268686,14,3.6726274062020354
159,1.0073277819754929,3.184993887896675,0.9155053210593396,12,3.4835538933031276
160,1.2256381925754498,3.218555377728565,0.3275908476261027,12,3.435769599056046
161,1.0227713880865013,2.8935441699976128,1.9628191848033485,14,3.7472045490073507
162,0.796003195943443,3.2445548519779583,1.8837241982807789,13,3.6518505850251146
163,0.8127239018191751,3.197562802175975,0.09544430951399363,5,2.6048270293062186
164,1.3315917364372651,3.086771904299767,1.357339986164667,14,3.7223766426973306
165,0.8956782579762476,2.886982893458426,0.8222803925749627,9,3.172666768109337
166,1.0093464044265885,3.14553525311251,1.472622764469341,14,3.7590161365652714
167,1.2266100522395889,2.985444604524033,0.6520752889091506,12,3.5081420375584997
168,1.0507724964783687,2.766232731186972,0.7430715744887948,10,3.2984974142136156
169,1.06180172961965,3.0649831456091676,1.367428657109701,14,3.742450950615865
170,0.8439425930513829,2.9849237795194767,0.38994724129757374,7,2.835591479440156
171,1.0504744824102181,2.7602925026350404,1.763928049015317,13,3.6418940828889292
172,1.1914646722812212,2.942646213327668,0.7785232571597727,12,3.526370515549678
173,1.4534929331637167,3.1237964209109634,1.9389708441872837,13,3.639404355456593
174,1.3308531930990908,2.774824348468673,0.9322590025355713,11,3.3731992513911715
175,0.9314461451646581,2.9538173120033155,1.5568373631183139,13,3.6024569175994396
176,0.9515476399913467,3.009503654615701,0.5621960369737078,9,3.130609824829986
177,0.9330121006537948,3.1410570531786473,1.4823242568634858,13,3.656284226929099
178,1.305292977037892,2.9099072920184965,1.102277045339525,12,3.542661892446701
179,1.3150713030342471,3.105278003854338,1.7172050667956724,15,3.79830173910909
180,1.1711384411745291,3.202914928914283,0.5015759185505642,12,3.4696247678433254
181,1.0859589275471146,2.9584065614890647,0.506883833411661,10,3.278632793308934
182,1.4754744941491806,2.8648276183511174,1.5357527978708079,11,3.4026464089893986
183,1.1056853789407706,2.9215923091267104,1.5835515329665464,14,3.7626613378779434
184,0.8112771380256281,2.9629851240360816,1.2264501087707949,10,3.289303320625321
185,1.43830446651001,3.1290223288182197,1.818252878434946,14,3.6673262613877258
186,0.9616881941654437,3.2348573443672195,0.12584565727727082,7,2.8933825607441492
187,1.3200409700049498,2.8511666154976734,1.5070416962219153,12,3.5194723025748615
188,0.8225039893897729,3.2098943413143934,0.8621726287367657,9,3.1579167126441927
189,0.9390286276839457,3.1241753201605484,0.9652886557220708,11,3.39074819203541
190,0.762830831721443,2.754342333442685,0.7684721899376445,7,2.8986586105738166
191,0.734106770776243,2.9296266574106182,1.8171026667537202,11,3.4037679954580735
192,1.4654464159141354,2.7957954958342,0.695755454568679,10,3.2697689266543337
193,0.9445395479958136,3.172310797946415,1.5476772533327132,14,3.7132708233920084
194,0.9782485311562057,2.853989020002008,1.7659861916430517,13,3.6563199907505446
195,1.251969515433299,3.135653558316294,0.45950651215960225,12,3.507874114462022
196,1.2251008373544126,2.8357460113175583,0.6806789175741956,11,3.418831859332954
197,1.454455220076763,3.189851613496628,0.09910441697284234,11,3.3938612438880433
198,0.9092664190250849,3.040097432450355,0.22478207166036812,7,2.8408199715573743
199,0.8041261555429472,3.037905463255963,0.9336888708731812,9,3.1334155077530923
200,0.7560183966217742,2.9059345853793888,0.6700263242925761,7,2.859501219118816
201,1.4497014753723758,3.039046087140189,0.8369851986944163,12,3.489349326608151
202,0.8472364401401244,2.8827280219672375,0.526160435066428,7,2.9115212558808823
203,1.397070132108885,2.9838942182261174,1.5773509091997444,13,3.5704245168265483
204,1.4473612128129005,3.1256921791151555,0.7399792763050816,12,3.539167491325687
205,1.4329500056353415,3.1711081968272135,0.14284850766900692,11,3.4036460451895416
206,1.101654612250941,2.968146519275871,0.44053139676544767,10,3.262059810215773
207,0.9603384954637203,2.968162922731464,0.7276764793399995,10,3.236867418419185
208,1.3444881354358569,3.180487301693238,0.4414475462876737,13,3.5493956032321416
209,1.3526848401182203,2.9469005840939326,1.5757992371424525,13,3.5811621887431424
210,1.10219822006291,2.8160101377227593,0.8796608507232921,12,3.4425883137416324
211,1.2927030558967374,2.9928561543820056,1.128586758834662,13,3.6346755065479446
212,1.1808217345642256,3.168232640713565,0.5870429828053275,12,3.5220076961273166
213,1.4113174980242411,3.003770419367136,0.5277631720837018,11,3.4138169965104392
214,1.1401052154167188,2.7937706671129936,0.27835219926708077,9,3.149034505486457
215,1.4989184563919142,2.9382158756577454,0.5877671388143197,11,3.335904813955006
216,1.018851834494117,2.9975793001024185,1.9242023829618455,15,3.8159048582432855
217,0.8564452927078465,2.981153576299477,1.4270121595706842,12,3.459459321631423
218,0.7728451904670496,3.0389549129987588,1.5011873489489513,11,3.3871021512375252
219,0.976605143720648,2.888485122889872,1.3213431087537624,12,3.5387307937352213
220,0.7976008976377386,3.147828577841066,1.2940695881229136,11,3.357965015362875
221,0.84274532391383,2.755270169846674,0.7137769104310938,8,2.991288653555079
222,0.8341022876610676,2.8976507433995784,0.3356562671675365,6,2.7658005319790684
223,1.4496837170323649,2.9815864782674075,0.8152920468626432,12,3.4399576765472015
224,0.8652253180462242,3.0688479852995902,0.9013738508982923,10,3.220860385620813
225,1.3341837592623809,2.99164399413405,0.7440228591672093,12,3.5099093539699027
226,0.8498116058416715,3.1194912544188527,0.0036209306500645244,4,2.5924957862077758
227,1.194988414418762,3.1124690136573205,0.7246008487075373,13,3.5923913108089067
228,0.8844447544211381,2.8992800605090605,0.3838326651035351,7,2.881289528738746
229,1.1181153356878006,2.9701887673303573,0.6948034200626267,12,3.43327471332446
230,1.2237751704541,2.822094367406942,1.412588085999377,13,3.587427427991424
231,1.3848889097325008,2.91872866517278,1.379512138710476,12,3.511719307912698
232,1.415038424517374,3.187186192948586,0.6391104526160859,13,3.5850410253014084
233,1.438467418193825,2.8850392024357543,1.794099831251974,12,3.4387234132690043
234,0.9912651689574481,2.7501266049466127,1.6382144942211496,13,3.5754104932957986
235,1.0226585701866444,3.1389094506642796,0.45521003910204216,10,3.203585255054047
236,0.9830576257908135,2.918422001736382,0.8509808922318751,11,3.3268442567380734
237,0.7753014133530043,3.0477049577432096,0.5220178958870905,6,2.8203840333884393
238,0.8335983188963849,3.156624321253253,0.32249797576803463,6,2.80026552820063
239,0.7945478590141858,2.9927390305631336,1.2013837914459418,10,3.2589338290958665
240,1.04417451828726,2.7840464838401617,1.6313013439977126,13,3.637829252725611
241,1.1158672817612918,3.0742558628668286,1.1482104644625837,14,3.709721271067729
242,1.0430248777719138,3.0377654244739434,1.8847916139379846,15,3.8594683722183363
243,1.293141649833621,3.0972314340986626,0.1337873478555296,11,3.3392490440263005
244,1.0255451035998802,3.0976562360719253,0.9226333512635996,12,3.487150983679282
245,0.9940083733940803,2.826120461584896,0.8551715205556645,11,3.3116519254388956
246,0.8919027502122749,2.9407138764903564,0.14014900266378771,6,2.7345068873152236
247,0.7917975824089344,2.8429553516217863,0.24668230409009473,5,2.624099073239842
248,0.9762889346199128,3.145318261552314,0.1316913183639934,7,2.906498524183754
249,0.8744079677862837,3.168315236361404,1.357069745146397,12,3.5190888902253366
250,1.115349802436157,2.8104063901020555,0.8720804407896932,12,3.4470495119053597
251,1.2424730152264771,3.0623072320632936,0.6831309443127234,13,3.574127133395651
252,0.7419247024496509,3.1942647132213198,1.6217131001632417,12,3.4443085355204235
253,0.7996224023456557,2.762423267292909,1.881912143716465,11,3.4215570774985657
254,1.4142657187386876,2.8899352865629946,0.411206855843673,10,3.295649829751723
255,0.7634403690463549,3.0934478114065147,0.9805180717071034,9,3.107105212064004
256,0.8158142531655974,2.822252738572896,0.012510208025766967,4,2.496865678853804
257,1.3907203687983811,3.0691723690771058,0.23426460862559395,11,3.3793404008526267
258,1.2816799634738318,2.997264907196251,1.8099012092083846,14,3.731657932774553
259,1.0342975087795374,3.125806967067906,0.74420601435085,11,3.4029029180545622
260,1.2450150839470857,2.958630320591467,0.20338996200073234,10,3.2767564153380384
261,0.9919188857896147,3.0244964548322386,0.703020961757262,10,3.2851911629902455
262,1.2184039646220266,2.9964804152300824,1.7307815423002526,15,3.808497849103427
263,0.818415429874014,3.1260645071365976,1.8356670830273705,13,3.6189467636019232
264,0.8865176409148411,3.0120809350761464,1.9216718348007338,14,3.677982974459104
265,1.3803787598186517,3.205196198771985,1.225601447978858,14,3.761399426507831
266,1.3374555866171176,2.7641343578442936,1.7018904709133693,11,3.4189926262810397
267,1.3454768150565535,3.237410137876569,1.372664579393454,15,3.85514178354895
268,1.2586209248445455,2.973766168919057,1.6146870257182773,14,3.725081091294548
269,0.9160150461569034,3.176987927981786,1.1619470671321002,12,3.4828986781981173
270,1.2046122685986922,3.01529220650896,0.06276613422334637,9,3.172277162394277
271,1.1991751027980024,3.18550468678309,0.22675566034651307,11,3.3258474258724022
272,0.9171166190999702,2.819442105970372,1.4863256162117962,12,3.494855982535681
273,1.2934201027410062,2.8591430404446245,1.5836630799030296,13,3.5611699466693105
274,1.0152908437494448,3.2047128620451755,1.424992095541881,14,3.7715004557505196
275,1.317144470676526,2.980369834699055,0.4065443529600745,11,3.40138738495037
276,1.0666354599829913,2.9720792482735288,1.0784959066719222,13,3.5751253691376874
277,1.1647681084549568,3.2289407482293635,1.564464084476641,16,4.003008794671286
278,1.2730606437492322,2.9500309210648483,0.7416421261102111,12,3.5113937977813876
279,1.1818879517400702,3.0072980328286048,0.5614213806002399,12,3.4432032334326763
280,0.8462005054918226,2.8314287712790156,0.15974812606969424,5,2.652717792985456
281,1.3761602289859216,3.1865864055719544,1.399512476528362,14,3.7743245426346443
282,1.4999849341229867,3.1433396727880263,0.38583011893920993,12,3.4330637906778048
283,1.3933381517890884,3.235337896677248,0.09416074256534457,12,3.4320008456574658
284,0.9410603496950517,2.7792717050964373,0.8793538835136623,10,3.236671697245576
285,1.090422316484218,2.7884440205086793,1.212709022802594,13,3.5553417366671995
286,1.4185795085717263,3.0066749327546547,0.6913009856363691,12,3.452581045971303
287,0.9043998839189357,3.099992040009462,0.8501097237790438,10,3.2602670246250036
288,1.2698010003582616,2.8450658856656554,1.062379384754064,12,3.507787533805857
289,0.8365608948726617,3.184973919855485,1.9553602504904068,14,3.707475220614951
290,1.2978545962836328,3.057478129738684,1.6808812762465128,14,3.768196384172962
291,0.9497856766992839,2.754014187540917,0.14278981196946572,6,2.791188067971301
292,1.085667731427791,2.913916644952752,0.5303103510708793,10,3.2773232696444774
293,1.4590948672529875,2.770451539583916,1.7643895455969247,11,3.3304214604232323
294,1.3675308282011245,2.7546042295580024,0.14877292137976617,9,3.1374162852332383
295,0.7337389154226316,3.0540683307988488,0.029304432077463582,3,2.397216856128132
296,1.0947315438268448,2.9745167390988563,1.5348475479443704,14,3.780910145079149
297,0.877445292946248,2.79073849782774,1.2468111611013708,11,3.3356314536501053
298,1.1776836411808358,2.957006424234259,0.18966341739092218,10,3.1993311361566734
299,0.9989342704800936,2.847679150329055,1.1985199339440036,12,3.494833178249905
300,0.7282275552573849,2.9274784112365264,1.592615533092192,11,3.317071916066059
301,1.0768142191466181,2.995006726011822,0.7934238840460328,12,3.4476023234132
302,1.0024544436712333,3.1192502300758265,1.8715051490693682,15,3.867047040766819
303,0.7858283016506079,3.010381256806809,1.336843953951112,11,3.320255333506196
304,0.7996240752310371,3.2110883228849323,1.422135893950481,12,3.446733858066681
305,1.0981434571029225,3.04881527185975,0.6914963325419434,12,3.436095782239809
306,0.8854303003344441,3.1374600290293837,1.9853474049927387,14,3.7582800594734977
307,1.396587885330331,2.818739598972821,0.5284396543868881,10,3.2817676296234133
308,1.1689244733012392,3.1896579288327778,0.42129110733681635,11,3.411696866547601
309,1.0374665021406273,3.136263654819403,0.17663912518318736,8,3.036712068165071
310,1.3168146232842166,3.058896853864793,0.3417019951588791,12,3.428933396824539
311,1.4352409933155097,2.7765308079834297,1.31178123885893,11,3.3477211773792193
312,0.7400574227114394,3.0179307357810794,0.4523839589896026,5,2.7065887616578266
313,0.8702742808285308,3.2384490547658924,1.5525535377869666,13,3.630517218112038
314,1.4788507872001002,3.0090766486060563,1.3387827756926274,12,3.513993312985043
315,0.8776024436701068,3.1908423067133596,1.7733074169651024,14,3.7120955810132785
316,0.9247023291104972,3.0061915028723036,0.4242883202274246,8,2.9963191680179215
317,0.9078181093001678,3.1548744142632885,1.752973377936971,14,3.731916382019933
318,0.9935898040856774,3.1848474189434572,1.4206513655035213,14,3.7316432370966313
319,1.1448119299891677,3.164062177467802,1.083976993525117,14,3.7520169615964756
320,0.973794717324878,2.873017735395292,1.9531219850507098,14,3.6908407186567977
321,1.119234282808004,2.8177903881856823,0.15077900420095336,8,3.0552056220236024
322,0.980637686773483,3.164562669363667,1.1223288660121957,13,3.5555434435585576
323,1.3408407951256323,2.867657932387891,1.922785446983742,12,3.5119166654209595
324,1.2113465489097615,3.1299832701109596,1.4788866267070306,15,3.9045462060053175
325,1.2797727079270822,2.7597644614247194,1.2579787149796775,12,3.4513685232614257
326,1.028189631458047,3.0132177792345196,0.6901676854746237,11,3.3272032403470675
327,1.079113699164291,3.15198285626543,1.416748680286644,15,3.825050199336908
328,0.7229229893231249,3.02776122708903,1.6056137204390943,11,3.3506757427782095
329,1.2539767871940577,3.171332517856429,1.6228266232268589,16,3.9361453428533046
330,1.0952557839666293,3.048066933391051,0.24528451622170455,9,3.1514985067164774
331,1.1361574459527244,2.873398948154938,1.1739216745556693,13,3.6198663428240536
332,1.2627350818578398,2.7796049802658493,1.140665053005866,12,3.4688195943359648
333,1.007273864410969,3.1979036913485377,1.2664435791870996,14,3.681758014622244
334,0.9815923223172041,2.767322751887726,1.1200226405882934,11,3.4031117633962946
335,0.7436294612725682,2.921582687135647,1.056670961561256,9,3.078078332820187
336,0.889409451471248,2.9324112595215044,0.5305823939676237,8,2.993372652002014
337,1.2959826427265964,2.8843359522614405,0.7385418078554962,12,3.445348209582202
338,1.348404034230127,2.939509040680327,1.4338720120211539,13,3.5704180016571847
339,0.9429482337414667,2.9705918048418853,0.03970903697756173,6,2.7537785289968584
340,0.7009470184125606,2.762282338892918,1.9282802732232212,10,3.302773603181029
341,1.4527246275120045,2.862887788361067,1.4068163915372598,11,3.4126071251624825
342,0.7417273161442984,3.0740176510236967,0.9081979032780694,8,3.021409747556027
343,1.433905993176626,3.243005281996422,1.9451033234945478,14,3.785054701437868
344,1.0001115916804415,2.979684892507083,1.783962341687456,14,3.7613265379055854
345,1.2630641152930224,2.9609923113765775,0.9315803505371046,13,3.5827735454054372
346,0.8277673291148689,2.802243592629921,0.6792486390240484,8,2.9589823455382245
347,1.0061346233465267,2.9653486721550317,0.6035401552765549,10,3.2279369554451756
348,1.1269644649704496,3.042934821817562,1.8280003152160547,16,3.9105120533430533
349,1.2880029081199071,2.9672171681298796,0.981239302570551,13,3.5831934255958133
350,0.9267356916316172,2.954466901548033,0.020599256651149256,5,2.7105123972786966
351,0.95394405116683,2.7878206874356337,0.005827886328970688,5,2.7121030749060178
352,0.9035178524532999,2.789823708422672,1.8142642183237314,12,3.547049641000446
353,1.131167055288815,2.8733971340431204,0.15382724429174632,9,3.0905468841751684
354,0.9350860912763806,3.1319708743141144,0.1888184452929873,7,2.875428129827161
355,0.8064631107256299,3.1088964010718785,0.8456399969797144,9,3.098759564768939
356,0.9677119813165498,2.991491607775225,1.3140139341140502,13,3.5693131502160007
357,0.9796962328112115,2.8383564785951654,1.2317121855633955,12,3.4818904698301747
358,1.0899845866649425,3.1748109579258057,0.6696069628617732,12,3.4529003058244956
359,0.7196788200354903,3.017964711202037,0.18555490306577171,4,2.481836950369257
360,1.3668876532665029,3.0091832798809985,0.1630073198226046,11,3.31686814275532
361,1.3482663315138097,3.1785689615540025,1.0807673222527812,14,3.7410247705858968
362,0.8298278017967922,3.224433948627581,0.6324713364080803,8,3.0211242398024876
363,0.9158718037803406,3.0206599065549318,1.463633872005222,13,3.575514269105087
364,0.7109584976321414,3.0260183663047897,1.9090511600248234,12,3.4393247516654455
365,1.1653500832483066,3.0959576864896627,0.9473803846069304,14,3.6722578735096065
366,0.9096371157824262,2.760387159162978,1.8681797189540215,12,3.5424158329666806
367,1.2920465251826472,2.77965349591379,0.7963694001907407,11,3.376560528262674
368,1.3671544187796698,3.2208068968962587,0.7702355322690447,14,3.682563636580726
369,1.0251389569882816,2.886524847671235,0.040837663685094894,7,2.8683374498181546
370,1.265155535991901,2.801217039771285,1.4176197820846308,12,3.5231605252724103
371,1.4959523778325963,3.0858855079053633,1.0913402882091223,12,3.539523566378978
372,1.4638288625289706,2.950071395286942,0.8383161605346832,11,3.411769783896813
373,0.718940083441302,3.109700806962503,0.23199079284128876,4,2.525834670158144
374,1.467613532845367,3.2111695119427583,1.1997660989024796,14,3.6796581312104557
375,0.8197600543913365,2.8719352291676166,1.582637305268118,11,3.424297013972868
376,1.1217615602739468,2.964598165590655,1.7169981751695325,15,3.827859111609378
377,1.158795179283532,3.032434672699,0.33720888516551084,10,3.293835857746136
378,0.9260868817767124,2.8113919052471212,0.554885846006002,8,3.0359476214319363
379,1.072012317271958,3.009296806979281,0.39111146691571963,10,3.2022252182563813
380,1.4902399548218281,2.9880606431155186,1.4055783924871703,12,3.4928694728649896
381,1.4450021115238618,3.0343013779953174,1.6738579358318506,13,3.5726935590190596
382,1.2008861407100682,3.1765140594482486,0.6898940687377513,13,3.6077267676329527
383,1.2829200933766383,2.940507566386751,1.8341949428015205,14,3.6678960035038544
384,1.254301617316596,3.0947127028482244,0.4946402770397995,12,3.5071591687665684
385,0.7066696838549105,3.02443863055139,1.1392546081892938,9,3.0898985229224403
386,1.4615698764357576,2.7588706080877143,1.156343531456666,10,3.309042912059438
387,0.7989786312081968,2.777618832644724,0.9357730812482274,8,3.058835689821713
388,0.9681258893406983,3.039843477718732,1.4652081718628787,13,3.6551032530532
389,1.2725252738879425,3.1746835638898894,1.7548680593562458,16,3.9341544193378954
390,0.940435096885291,3.108205967906142,0.38970769902047664,8,3.020008964439503
391,1.4570031658303186,3.1029881558938794,1.0272917129862815,13,3.5703985903613096
392,1.4920722683803072,3.1534875967696236,1.5166768116653784,13,3.638125634317642
393,0.9060406614523884,2.8537576189265463,1.588678402125098,12,3.531687760254132
394,1.0451984073521152,3.1470947274533367,0.23135126255996008,9,3.0893483783864593
395,0.9887532083042297,3.176185645299914,1.1990443402675883,13,3.612577121362657
396,0.8399319624789171,2.7905799430432556,1.2733306827267035,10,3.2951365072074035
397,1.2106163793123197,2.931111214790847,1.6598137383370846,14,3.7414361827337403
398,1.4607153942049769,3.0878839256469566,0.3133653937728802,11,3.390505331942184
399,0.7153131766970113,2.7736436505310462,1.1918816914075985,8,3.0644170221649087
400,1.0733361879874412,3.0013747374481126,1.359421914915426,14,3.719169340541111
401,1.1186090609180042,3.2460353532015347,0.35504582961331477,11,3.3116572303885343
402,0.8871701444985431,2.751695853833682,1.146281144740875,10,3.287650046136556
403,1.1308692100483513,2.910195811899887,1.7388310594783003,14,3.7845377830501854
404,0.7591433234532606,3.2290021113614715,0.30622463099803987,5,2.6672551857873894
405,1.2842142334791027,2.911323445014631,1.8536963159111863,13,3.634073225339341
406,1.4523126618376538,3.0949063338733263,1.2188312897385973,13,3.5946921579385918
407,1.405429826722918,3.1974246904581096,1.8165096853553506,14,3.7770951790514737
408,0.7687317226267496,3.029827043926222,1.2457061375783267,10,3.2519878809978637
409,1.0691238732750945,3.0494598409228977,0.02020707427542265,8,2.959109497760334
410,0.8043581813687977,2.8145181599614673,1.5321974503685531,11,3.359905963254194
411,1.2582799557872073,3.0691644858845955,0.5573741202487263,12,3.5249979458950684
412,1.257679318667332,3.147251412327815,0.5152700605465892,12,3.547609945961446
413,0.783599266727713,3.219124601301556,0.709166166631167,8,2.9918748475165735
414,0.7258232155015092,3.0322076443973467,0.6252110652204819,6,2.80215734454159
415,1.3576041521090345,2.905351666660158,1.0936329500765551,12,3.49117711506674
416,1.4373425006218952,2.918987573784182,0.9983972179178899,12,3.429607154779352
417,0.7862528885242078,2.790741017333863,0.9774620866085721,8,3.066100651417358
418,0.7035945658050375,2.8343654193896564,1.817468893164198,11,3.316667507031643
419,1.3610607900906313,3.0159317461345747,0.4975613961743375,12,3.4417584627186657
420,1.2053755222558737,2.8119379045148376,0.6121708620737958,11,3.3756427874817456
421,1.1647684435409142,3.1357744587027203,0.788737465751675,13,3.6064853260580345
422,0.9406242666609888,3.087545083290839,0.8245592404624504,10,3.2986234918136255
423,1.2733743848001144,2.952101651082222,1.2986681050682976,13,3.6464452304573522
424,0.9393507513230426,3.011862391269075,0.35383277687661724,8,2.973761415853838
425,0.9081378725070038,3.072203358540807,1.4133929274230583,13,3.5630810918789013
426,1.1761125613088388,3.114904481261074,1.681052544705765,16,3.9490357633099538
427,0.7619539063344261,3.1617465673198804,1.0973922306999269,10,3.1908008989296177
428,1.4639192401056438,3.001896636886138,1.2289757917235198,12,3.508784085858199
429,1.0626310703483355,3.0228225504556447,0.20551954413463613,8,3.0697149320863453
430,1.0837333875839126,3.0769148474770973,0.3890404604867216,10,3.236919999343188
431,1.211039048953964,3.1612707569895586,0.39729276032462546,12,3.4409063331603726
432,1.1139488037557321,3.213691257735956,0.8155051935849111,13,3.5873788022654005
433,0.8766758036266192,3.227586273308938,1.494835136340755,13,3.60979728848919
434,1.2223781811243488,2.8466140543604967,0.07168663251184804,9,3.132682414817642
435,1.1907870984059616,3.0707748253353775,1.1295708176831811,14,3.753881340219416
436,1.2969171757262266,2.90446658869913,1.6356554333342663,13,3.6059267424078665
437,0.7544611423794652,3.0741999700330895,1.296668638798367,10,3.2684766057449255
438,1.4943191854236877,3.1571543410575673,1.6332621511061907,13,3.642157978783004
439,0.8381123801984526,3.1047653791817496,1.6204598753357438,13,3.5613286348100623
440,1.340511535514863,2.9882427780759366,1.1601293393961738,13,3.590914422576035
441,0.8203155586561443,2.991476539908987,0.9313573465478606,9,3.1470073504005613
442,0.7019683945951586,2.8332063952419255,0.4178473750430529,4,2.587481960038689
443,1.3777537596075018,2.9907609069978975,1.3741741606203777,13,3.584191975944036
444,0.9376042961628658,3.0659388760023756,0.8205972253143212,10,3.2856901213831935
445,1.4904045668685535,3.1507000763874196,1.3986621190968138,13,3.630270579538329
446,1.0600379398403728,2.8180542413774563,0.027743651645244727,7,2.8947206696208903
447,0.8585366134448237,3.1168767106723037,1.1213214226417114,11,3.352076317706976
448,0.9999649293554893,3.022926499446768,1.7746950237480004,14,3.7851832664422336
449,0.7591517307603572,2.956918145140234,1.695452958439393,11,3.4131188755714224
450,0.9957900771728185,3.176123369862112,1.6333232372992292,15,3.8182650363399286
451,1.061404629980131,2.95374351044377,1.6176504025637726,14,3.763808357008688
452,1.4568801667338522,2.7792950945561685,0.09786634384647941,9,3.1140894232547023
453,1.2308753305624311,2.879192262274633,0.7527207342201769,12,3.4756079727257454
454,1.0297813545505181,3.1687358885476176,0.8212923740998701,12,3.455855224393493
455,0.9462221989122639,2.769937267934607,1.6332242818999632,12,3.5437075244077167
456,1.1565514528144678,2.877689902419792,0.12156281210769126,9,3.103644791247223
457,0.8086061793679636,2.763093334998132,1.375180298490613,10,3.2838868307739917
458,0.7593729421404073,2.951881656855396,0.6198117900095865,7,2.8414119207152977
459,1.3654011802251178,2.8880407978997997,0.9687391327949331,12,3.4495431207831175
460,1.0322455996569617,2.8935493086626316,1.1664154264490083,12,3.5406470920989808
461,0.8434994904012398,2.8726956008633864,1.5580004463510377,12,3.448697997425702
462,0.8082712667616202,2.901953880497886,1.2769562938178085,10,3.2902313124710307
463,0.7049667900588935,2.916806468213162,1.167826646696423,9,3.075770484675039
464,1.1852966952869481,2.793129057648667,1.9401823535049516,13,3.632710904111294
465,0.9646442709195288,3.166239028526038,1.9260810214362483,15,3.861569199355887
466,1.2340563356702365,2.919584458480209,0.6917366221388037,12,3.481876419560141
467,1.307203178995943,2.935103963156874,0.2829003514421311,11,3.3230164519901866
468,0.9529753056625243,3.2215768131572613,1.738038929545349,15,3.8195472590280293
469,1.4564794720640666,3.2390414824134033,0.37240504256785045,12,3.5215607174588692
470,0.7335267787402358,3.232946674322027,0.6477979643978835,7,2.8642030029265912
471,0.9234627426492064,2.8587963748005674,0.657138171345244,9,3.1078543641671614
472,1.0251112413620214,2.9314714164108917,0.45208029692800844,9,3.1510956165811232
473,0.9906291537076939,2.897486228249876,1.7326892831899854,14,3.689626994903881
474,0.7674980789095014,2.943255024272645,0.11261576122136496,4,2.5032994989271002
475,1.1595899442982258,3.219295750723265,0.39178900614151013,11,3.3888463818235715
476,0.9690216903012756,2.787730553253056,1.445179060266816,12,3.525243009559704
477,1.405627472042838,2.807587935599812,0.10722561781028195,9,3.149646505920933
478,0.871322636987941,2.83095189727414,0.07264796865124136,5,2.6334941920404606
479,1.0022591897375082,3.1391626080615525,0.49785068698653623,10,3.1997897554166133
480,1.330162334599743,3.176590201430551,1.887441998891096,15,3.8621610371527106
481,1.114544744504557,3.1225588621923817,0.4612067176166872,11,3.3410181423905487
482,1.2882197883901028,2.8626986440621405,0.6875548363445025,11,3.41797506648407
483,1.1816205133429158,3.146709856532124,1.0597809414957995,14,3.765939313153659
484,0.7584385939228393,3.238948915186072,0.6931861524431744,7,2.9403819094383103
485,1.4748822843262994,2.8520349065106343,1.0541293114133534,11,3.3636215011297588
486,0.8818529108059477,3.0427389325536436,0.12328109942219512,6,2.7231534343433688
487,1.3212279174439625,2.804393132546896,1.8576085029851723,12,3.4727165462551897
488,1.1146368471710237,3.1024896528800356,0.7779162899842813,12,3.5269683789695088
489,1.121447857361077,3.167791143999877,0.9941062344003839,14,3.680588928596416
490,1.1739411856723354,2.8888844113334,1.4499970996730125,14,3.7011021828821655
491,1.4014012648881502,2.8029176290030215,1.9888671995077547,11,3.3877510029978213
492,1.4401583767517487,2.929496421028483,1.2373786685345807,12,3.465664264390938
493,1.123325049507608,3.026296307978128,1.0157974520378776,13,3.6314867984451844
494,0.975226372105884,3.1067379094378254,0.47708304433353077,9,3.13533641241818
495,1.2229359856248379,2.8020560916158046,1.519491459193169,13,3.5800892953813417
496,1.3667756039230925,2.866331513243307,1.0501131382055813,12,3.443402346712362
497,1.1869258139693484,2.9184445915300246,1.3187970513790765,14,3.692455356677341
498,0.8129207734865114,2.9202478918223047,1.3936938086438675,11,3.3580002854319626
499,1.2477517047589675,3.2073035439973303,1.1804097282649908,15,3.8692704212346385
500,0.8462862295891542,3.0325264277037216,1.8692942686837193,13,3.623951366611091
501,1.3826777440283982,2.8793872975149117,1.3168506149747687,12,3.4733961092113668
502,0.7590401624943929,2.911172144179691,0.38622084153489045,5,2.676273146251255
503,1.130151229207772,2.956685669755249,1.3567763374983743,14,3.7358725409353655
504,0.9932339460131683,2.923353343061099,1.5083332528439395,13,3.6454665070707186
505,0.7577566021434061,2.783536926966793,1.1115571272777456,9,3.092094066675938
506,0.8759514652295974,3.2191335444200107,0.4999674504318541,8,3.0086541681126917
507,0.7727018929916681,2.9101424671898406,0.48671504717590364,6,2.76756118671738
508,0.9931379489355139,3.070640174030042,0.5974640989967712,10,3.2334194101973637
509,1.3077915309485175,2.9424287426059186,0.4226184372278734,11,3.382768666218008
510,0.760935077916948,2.933989306765629,0.05423929427596086,3,2.4485059296563865
511,1.3700094094961022,3.138897502517059,1.478885978736279,14,3.743989605076676
512,1.0946478383311522,2.8346165014541453,0.6163209376489394,10,3.307957822079076
513,1.0316090390654113,2.8641247452412637,1.527662639740227,13,3.6572474483839303
514,1.0058091547661183,3.1392527403304236,1.6478810785090083,15,3.818295086610183
515,1.1638584408716497,2.8694283016626154,0.3011324830894948,10,3.218087872026746
516,1.2749507026369775,2.858013025145645,1.6659207716798885,13,3.585796729808796
517,1.4326874737785709,3.2344039343031437,0.31446782684943697,12,3.510328963744044
518,1.1061852311569098,2.9786181276005976,0.7697310189691473,12,3.4642182656184426
519,1.4945201163259054,2.7694771893526298,1.971107864423207,11,3.309630798342424
520,0.8876291685133771,3.1999591466539425,1.667674401645775,14,3.6911721145341847
521,1.0122120556158563,2.8799888288439774,1.8070441934818708,14,3.711730438522457
522,1.4733019190071446,2.9103739436985276,0.9883412738432851,11,3.4005340233487376
523,0.989194346941934,3.1122112445065397,1.3501853778587791,13,3.66411468290673
524,1.0382122969145595,2.752458641616598,1.4762671201350313,13,3.5773957069969486
525,1.2618117007525282,3.0963092171029842,1.6292362899588573,15,3.8507965818552203
526,1.3865125110449463,3.0305159430679636,0.6525640653121392,12,3.482573178887101
527,0.7047118777675403,2.8833396423181266,0.8083946805572801,7,2.85679770690029
528,0.7244822850374104,2.9379273618958033,0.4060515926761803,5,2.6348754922808415
529,0.9701624971112851,2.807699255244477,0.058677994219475726,6,2.777907666900838
530,0.9426012150082547,2.8465312130641256,0.0614368823797089,6,2.7445090826765473
531,0.9952756260886961,2.8345735384595017,0.3997242204697027,8,3.0473121981348807
532,1.2332338421734061,2.8911675576953395,1.7596819794050502,14,3.6787396050771592
533,0.927847174424664,3.0308225138173657,0.2745165480961145,7,2.9045347670793586
534,1.1741747652938186,2.762890759212849,1.841597430109331,13,3.6108990813690633
535,0.82638657415487,3.1940251092521366,1.7835516154317907,13,3.64177553974871
536,1.1866033951082748,2.848946219704102,0.4308036958296846,10,3.3024968517070414
537,0.7005590709504965,3.05429788873432,1.416263098771409,10,3.236398481261427
538,0.7169352685656443,3.23957251977134,0.17058437231061996,4,2.4925928212606974
539,1.2862773153940719,2.7875703657287345,0.3802759257423014,10,3.2622743904261235
540,1.2690733830297658,2.878651745377195,1.8615192611845994,13,3.6189359660977973
541,1.1841978466394472,2.8953214968295864,0.5717897038660497,11,3.3970496343234142
542,0.7280125572764762,2.8767782589411652,0.3300624785792934,4,2.5787758823897797
543,1.2553878667557914,2.884345921997577,1.6979864670174627,13,3.6399634519069703
544,1.1406337597667429,3.1164794643200544,1.7661077660399698,16,3.9632122836198764
545,0.9122455607713363,3.2013813295071594,1.387222430143792,13,3.603287932170854
546,0.8461116224748243,2.9622571325366693,0.31907947812160264,6,2.786379266949673
547,0.7075614746324908,2.978460472333595,0.3311916718907153,4,2.5591434824865136
548,0.7559846377590627,3.011630594217031,0.7668074775952589,7,2.943046465360627
549,1.099574951316977,2.949796804586884,0.5406604590077442,11,3.3138896029285405
550,1.200270815371521,3.0299809697224833,0.624698490460025,12,3.5045046309555836
551,1.4351637802302786,3.055423174684115,0.3861176788190627,11,3.4003672831963003
552,1.2617566135895792,3.0545626259368825,0.9787134702308349,14,3.675132574101725
553,1.1531225862433963,2.7665317872987543,0.45678792693030723,10,3.2494515942417843
554,1.2207534195128922,3.1295657015616816,0.8777068501073759,14,3.6960284322940513
555,1.368584670585342,3.174696903911911,1.258442280728343,14,3.7508312546218785
556,1.109303884504231,3.0710661562037145,1.3582357149631883,15,3.7913596786942723
557,1.2307752118070905,2.998870524907808,1.130319311780556,14,3.6896052161806447
558,0.8499383016807376,2.8021120673623754,0.6111350228364378,7,2.951550636458074
559,1.4575232979947663,3.2322596462144313,0.18691353428637725,12,3.4540321190288594
560,0.7674842251105887,3.0530378853102755,0.7053786423882011,7,2.9308120520247987
561,0.8655820925535318,3.2316971779304415,0.25071054443158625,6,2.8164382525730334
562,1.403233504850724,2.897051986965826,1.6145911651306064,12,3.4834451810945937
563,1.3124575101277371,2.8815965086493667,1.6602748009629982,13,3.5641710840113436
564,1.0161018773615151,2.787846086852573,1.3103379830094941,12,3.5282130612068934
565,1.019474957131798,2.9700783432707505,1.5752104721240867,14,3.7212458631828174
566,1.468293331186433,2.9505963264221657,1.6167760546403307,12,3.4792755903534323
567,0.9223367875055608,2.9153165581566074,0.4735717048336112,8,3.004594276677407
568,1.2057275826684315,3.11851786887147,0.1558032976883661,10,3.267341956700928
569,0.898667560224619,3.097024724476925,0.07321423033731334,6,2.7247310685897013
570,1.344853696741507,2.7972917572666987,0.6637039918315562,11,3.32610399934846
571,0.7862140784149205,3.0341098209161217,1.006155971934606,9,3.14651524063321
572,0.9011275939020007,2.79578064465646,1.8713786291002654,13,3.557129052320835
573,1.0098730808405527,3.217105519909505,0.35596351135956117,9,3.1334608060996043
574,0.8758807068327945,2.8849072186893396,1.701806567086537,12,3.5429987488459256
575,1.4802486800474937,3.013421033871328,1.9905387184186487,12,3.5087991776110297
576,1.484033059690955,2.752141780421232,1.0357128880822872,10,3.282429668360802
577,1.305774502843822,3.0878145374331183,1.0654836282792193,14,3.694843649270732
578,1.0557784148700173,2.770884561347192,1.833606350643764,13,3.658711765991301
579,1.0966541138991373,3.2108450636888777,0.17901122367579536,9,3.1489681367866638
580,1.4127828475820907,3.1134655899402035,1.5007159076601833,14,3.6741588225305364
581,0.9671006875175165,2.905435807042618,1.9691762064022116,14,3.709015366181449
582,0.8279863451922691,2.9532514180745117,0.10359224102550102,5,2.6027749422760205
583,0.8913281670849617,2.9978449321619043,1.4508599091591174,12,3.526407846359569
584,0.8369831723456302,2.835589080043573,1.7906477460973145,12,3.4904261294800665
585,0.7204756766630043,2.966481887853938,0.6286845645842014,6,2.783723648586741
586,1.367579026612175,2.94133592968649,0.8538612832462722,12,3.4704325201263924
587,1.2501262833241227,2.8071184158394598,1.8428218533710365,13,3.565708654461311
588,0.8279991545617662,2.788814716029423,1.4836414109880904,11,3.363685235081013
589,1.261534728581931,2.8476821613097076,1.7484632308429986,13,3.5941822413993636
590,0.7520356202606683,2.7965119695477254,1.7832279312073416,11,3.357023742055013
591,0.8986535846029654,2.863474860520368,1.1223745229177255,11,3.3335882597791406
592,1.079747926040779,2.9817377580268865,0.01995308322548306,8,2.9596316364329325
593,0.8544838588048362,2.775920253164503,0.4110424250185585,6,2.824661269856673
594,1.0995616340954115,2.8045959790344335,0.05661648493581084,8,2.965269857374059
595,1.3794890468302,2.8094471368367073,1.5263910467728048,11,3.4230497343838753
596,1.2217865259711327,2.81527725507815,1.5631655965134894,13,3.5989458773348746
597,0.7110155360320356,2.8758591374203153,1.0887020328322041,8,3.031341397735587
598,1.1920813474131653,2.873751249402874,1.0981160234729064,13,3.5942466314748467
599,1.3569488288815053,3.06040871803504,0.5869650864378355,12,3.505867194597476
600,1.023146528808669,2.939454485502425,0.1449514976400159,7,2.9483982351404556
601,0.905234003559612,3.227542473562754,1.3171050023760333,13,3.5654047196222223
602,0.7594432826768057,3.017682926256889,1.3171201215383377,10,3.270789410015916
603,0.7996377796470933,3.050106390828961,1.3017806822331772,11,3.336605544528918
604,0.8079163609663031,2.983805714589342,1.565268931134293,12,3.4471664769197377
605,0.7901521722489451,3.0327530610907707,0.8607151861089968,8,3.0642666995726326
606,0.7628399167357858,3.2485028084263914,1.9976708663667222,13,3.639770215541296
607,1.3674900230971032,2.783302905778996,0.23131909218158198,9,3.1843726310974265
608,0.829700851919966,2.7612401740112076,0.475836837828242,6,2.824047868503678
609,0.7182787853318897,2.884395942572154,1.6991904803967923,11,3.324080571239513
610,0.878050905548919,3.0108818635952117,1.298182462561713,12,3.4424463150718654
611,0.8340775110496681,2.861785667639562,0.8051899692446236,8,3.0604580552478353
612,1.0800765105545067,2.875867950800141,0.9312554970688094,12,3.474823740400779
613,1.4414741789302545,2.9135204858939283,0.5317394339972731,11,3.33105389404519
614,1.1672556406855623,2.895525010091818,1.3673970479656916,14,3.692788163891812
615,0.8752170211593432,2.8438033919777834,0.7556515107086867,9,3.089946963453719
616,0.7485349157440562,3.2230986247174327,1.538829673982238,11,3.4252965480399618
617,1.1840253774601148,2.9469762388301004,0.06424080801370036,9,3.1248187115634787
618,0.8806512003297874,3.132874138280882,1.8260949479235498,14,3.7074625731071786
619,1.2010461142960072,3.0297686934316665,0.25562292285596233,10,3.2938705563820663
620,0.8388850504334813,3.197350268181534,0.33403762138110715,6,2.8241241152513252
621,1.014112786942465,3.160271643427847,1.5928284031860194,15,3.819339082243024
622,1.242076117842415,2.9947719099197476,1.4611306483436322,14,3.746728492419738
623,0.8362347122065313,2.8229783653062457,0.3267893643867822,6,2.7490286098972585
624,1.3557316848016225,3.0185510480005635,0.14292949316898285,11,3.3163388109098033
625,1.0303578683579302,3.0720579071957266,1.1987458333835397,13,3.6310946794708423
626,1.1074012969341218,2.9812371929243477,0.9954961842212307,13,3.5839407495352114
627,1.1446552916234758,3.0859766316343085,0.7968123582324478,13,3.567529025573928
628,1.492787945349371,2.7670971057954943,1.633566387517742,11,3.3149167718893944
629,1.3613605980627592,2.9212199621329913,0.4880406748515511,11,3.3665719022219407
630,1.464087446161845,3.095783417544336,1.5400849874738687,13,3.6108556868684256
631,0.746209057143502,3.059732102566683,1.84463653013657,12,3.4868230159971803
632,1.4119175341226546,3.1784599016235675,1.5934590609998174,14,3.7435928864712267
633,1.2828319833655484,3.153406271810531,1.6945834505837214,15,3.89154148705559
634,1.4532883098844394,3.0541030013112245,1.184054731008013,13,3.555013090694256
635,0.9597468782268815,3.1250893612749895,0.5040276707052542,9,3.1325215652885294
636,1.3767968058100295,3.0535042821111507,0.0985683076808479,11,3.318793894112865
637,1.435133075900278,2.9028702205495547,0.2651769993681698,10,3.2548661713388065
638,1.4610028785714175,3.2287382413301127,0.0380168427237868,11,3.395376773903239
639,1.2107349216057326,2.8120446155910788,0.6985438219945748,11,3.4100332723613436
640,1.2584515483983592,3.0748186833526594,1.4615418256886594,15,3.8086529503483884
641,1.0589610930230318,2.8694958842980642,0.4512056259035593,9,3.179428357359999
642,1.1266162163227884,3.0232964105894293,1.3837985696360457,15,3.7865829741673864
643,1.2423645143685644,3.2310765871494076,1.731000569955202,17,4.025592159802279
644,1.380243932017095,2.937501434765658,0.014954838367625012,10,3.2088512416015336
645,0.9985081267393541,3.199456752282491,1.2725750789368657,14,3.672909764287446
646,0.7181094617152801,2.7853256157102835,1.6051104155902312,10,3.25051075225932
647,1.3018295527415842,2.8427431731852155,0.3539245063759946,10,3.288158059171184
648,1.2823487154646265,3.0799423394092007,1.2952525106128379,14,3.7587965060773416
649,0.7577172840474031,2.7569719691213974,0.1840160124150212,4,2.5090297930059187
650,0.7180555464683939,3.056932404518025,0.8914893863488003,8,2.9670451775808306
651,1.2402739391653843,2.874745691207111,0.40489354928379206,11,3.331653056237803
652,1.1811722584205793,2.822864776174191,1.2491812579163515,13,3.594814018915227
653,1.348419609900957,2.7670031043281096,0.8067918608741501,11,3.3309565629314934
654,0.8940099385839174,2.810279832833192,1.580933765536034,12,3.4922895812351813
655,1.451034447879385,3.175850828667129,1.2727228454361283,14,3.672774831685564
656,1.0043305036869679,2.882323276392299,1.566876707510738,13,3.6528555112073016
657,0.7506386575413863,2.814717521520337,1.3764217444552087,10,3.219381342192425
658,1.010285173956393,2.936001084259707,0.7004180700220659,10,3.2837383504691853
659,1.2294093231036913,2.8616611722643404,0.3094045796097605,10,3.2738443981056387
660,0.8795785386787103,3.130818889073062,0.6377988301851067,9,3.0909343356057732
661,1.283169564776172,3.1150141559908526,1.0825919669885933,14,3.741748611979402
662,1.3325293620975327,3.047679814680757,1.4123596363791404,14,3.690378490308652
663,0.7842575689397308,2.9292401341930088,1.1120524594819405,9,3.1761989870531884
664,1.169835938957545,3.057534624320313,1.2734968897599683,15,3.791974534831313
665,1.1550709348387873,3.122587091493883,0.5234213992058154,12,3.4349419006386412
666,0.7282129705819673,2.919372564239025,0.8278073693740959,7,2.915794845132499
667,1.1798156504479977,2.815606405953128,0.04808044355989627,8,3.0633138221996545
668,0.9253540873192695,3.0497011585443263,1.2877961876523902,12,3.5206276075106397
669,0.803047227761027,2.9647948349284583,0.0844485963209638,4,2.5478366279287563
670,0.9684561712480567,3.2333558142525822,1.914430546689505,15,3.8997618131106657
671,1.3363587541243174,3.1980287668243275,1.278100294271656,15,3.8109640370931674
672,0.9338515444331031,3.1369795816081174,1.1711569130348969,12,3.5029928869903664
673,0.7025927329433489,2.976821642677538,0.22084153430753806,3,2.471649457961109
674,1.328046198901442,2.923660397890269,1.2964521155729236,13,3.562630737997279
675,0.8625751498317091,3.2477777271613144,0.3602712338318046,7,2.8922568593278317
676,1.3975915983686134,2.946150918076826,1.5453818859308852,12,3.5335028607067187
677,0.9625098809158258,3.1206060467476697,1.3863756396802314,13,3.6470737108118154
678,1.4790718615049283,2.7574408052702166,1.5524173592806612,11,3.3143814832073866
679,1.1619122696962267,2.946607745338965,0.5748806686661703,11,3.4041830507795154
680,0.8103524638300081,3.210255734639797,0.5397491336343354,7,2.921093054239149
681,1.258276488331384,2.7916409993927442,1.000647045301875,12,3.456928692244478
682,1.4101562059395394,3.1740413626951702,0.9275079136171682,13,3.648462201448964
683,1.3524621739513427,3.0775925220444713,0.1405505477853929,11,3.3531689401367863
684,1.0255955936241863,3.004621280661221,1.5059468732490255,14,3.723855904020439
685,1.4072042248287504,3.090947363822755,1.9647201592712207,13,3.6585741146201975
686,1.3920543160980319,2.852028130246137,1.8510916326089475,12,3.445469621183446
687,0.7126570813719084,3.200543097344626,1.0054582436666175,8,3.0583098340922508
688,1.1492400171600443,3.2381933275488994,0.15155088742678274,10,3.2178939270918883
689,0.8578552582775932,2.9495551708553513,0.07688621105757165,5,2.63406964372441
690,1.147855771295611,2.9629936855991303,1.2200219141448816,14,3.701094627354106
691,0.7547348532876608,2.9585615251146526,0.04541418490391491,3,2.434483338876422
692,0.7376833378373227,3.203666860333575,0.1523474733660699,4,2.512668540674967
693,0.9419740401433901,2.9125460669482512,1.2141859072141274,12,3.456885437264959
694,0.732005114171948,3.1611547066440036,1.4084024284634151,11,3.314565134776701
695,0.9276635597922904,3.180806409065723,0.6493876366197622,9,3.1889974906532594
696,1.4077718206954382,2.8598988084244166,1.0187356259140918,11,3.4039098574323052
697,0.7409994991747944,2.891008431734007,0.8371918243300325,7,2.936639697807417
698,1.415776267898405,2.927733563055528,0.06878720517084469,10,3.215418524367893
699,1.4307259022761107,2.8513101264757754,1.1859933505449411,11,3.4022609833422126
700,0.9140911333338446,2.974204668862989,0.6780328338351547,9,3.1367911746584998
701,1.3540385283058192,2.852388821589635,0.4255707283265504,10,3.2997670213221646
702,0.7215740049987768,2.777757384466946,0.9204576703260823,7,2.928015367672559
703,1.4825796108495992,2.9244424019589523,0.22068358614793807,10,3.2399867657669486
704,0.848386779045169,3.2301489242824504,0.8311705244115379,9,3.1860757598967524
705,1.2856664672166054,2.8276163220456114,1.1708538673334354,12,3.4970005114737357
706,1.158031671499578,3.037016203955306,0.9811488014672471,13,3.652158140272262
707,1.0204878178271228,2.91898065403033,1.252457470246644,13,3.5765717670509996
708,1.0311887379128186,2.820659767805177,1.2188262597763455,12,3.5259546203195735
709,0.8455996991768263,3.022814377576069,0.5942814290483736,8,2.9831788685303455
710,0.9353833964034648,3.1494645450295478,1.4315189139083249,13,3.640135217341631
711,0.8513749084496497,3.025838993426134,1.0470969738495937,10,3.27319467714457
712,1.2398625540677712,2.885577673112438,0.5295378701329408,11,3.3931985128622557
713,1.3849390244702022,2.9163184267179787,1.2317856036903447,12,3.4960428582852274
714,0.8551322322423908,2.8682396784968396,1.1500014114339945,10,3.286037511652484
715,1.0670760803046446,3.1905334548401423,0.2741501498476788,9,3.163299287322763
716,0.7585312476377104,3.1328417908303945,1.5048108284173627,11,3.3971702412663656
717,1.3388822428447185,3.0995184519901033,0.6230775795903689,13,3.5575400230593206
718,1.4853114049266736,3.1245677876692177,0.6611215236515173,12,3.496455021260395
719,1.3275372450574974,3.022888608255593,0.4241116551615156,12,3.435506934401079
720,0.8609363637568697,2.9581524090970195,1.8372758665292517,13,3.5971974942349543
721,0.7805739561394927,2.810288262699686,0.4874091482574072,6,2.7621459561097392
722,0.7532263011822873,3.2040764077647674,0.9191329311534744,9,3.07451862712824
723,0.9402831776870061,3.232700903199132,0.5126667379845569,9,3.129101220570343
724,0.8696426176755145,2.978550364825497,0.8634451934627002,9,3.1818174019841687
725,1.4802260750756102,2.812718315044562,1.8673155411819502,11,3.35005437744727
726,0.906603358544086,3.0091230296582507,0.008967951883973813,5,2.677803323049998
727,0.9621496088954289,3.043015752891714,0.29668200643443243,8,2.9783349072899363
728,1.2469471247443855,3.179001834412463,1.9525747954907235,16,3.989465571101109
729,0.8972049463402401,3.096561221205649,1.2529974750966613,12,3.4775468173712825
730,1.2102066761189325,2.8339871941250756,1.5036987810135616,13,3.6247259651393566
731,1.318908497567409,3.049911084126218,0.08207795545056884,10,3.301850180725508
732,0.7097351456699262,3.086137267457623,0.6894458367214322,6,2.826528639954107
733,0.9772284504619069,3.099902160156137,1.3567824712860848,13,3.6457892789682727
734,1.0744516781703597,3.217082930373639,0.9384887599627854,13,3.605447883864961
735,0.7884751264429989,3.1897155437483735,0.023536037491825867,4,2.507170328329393
736,1.3032311242673866,3.2046089661098605,1.2637221645038217,15,3.8488777678086152
737,0.9411357607863687,3.1771383795267316,0.5519608746356321,9,3.1455732188680887
738,1.4057082096776516,3.10314506328567,1.6903040024300782,14,3.6794956873006477
739,0.9792005828211565,2.974043200155559,0.3656748383789905,8,3.036621746357212
740,1.0392672275073305,3.2022910469280443,1.4807401242060099,15,3.826494162167094
741,1.2612428965554794,3.2497299228354684,1.2847245788615975,16,3.9297074276379114
742,1.3213427430815543,2.8685090828653435,0.7647064355143551,11,3.422777692083315
743,0.7733556235678795,3.043375626862307,0.9718388545047025,9,3.1069579953387625
744,1.0262218172240114,3.1538627467951335,1.056809773274322,13,3.582298074101628
745,1.4403150123279866,3.0643955187888934,1.772201360333112,13,3.603521902891671
746,0.9004303662736169,2.772006550478363,0.4121719819607539,7,2.896511184587561
747,0.750585502906339,3.1476318203338836,0.7955399267020362,8,2.9789076621740906
748,0.8934313506971576,2.855100732839172,0.906641060611304,10,3.2083377001913966
749,1.4112389210617031,2.8450147548073996,1.5113358467761357,12,3.4290094090908143
750,0.7764663005474476,2.837055932523821,1.957994949726866,12,3.447808506466617
751,1.00991545688331,3.219773575275868,1.018707114200143,13,3.5584939654568117
752,1.044196977126314,3.2036071567452065,1.4075106055316025,15,3.8017098582210944
753,1.1875182319389361,2.960846811598965,0.5511379781139438,11,3.4214706294826196
754,0.7519516863824686,2.8185726855496394,1.2933624157816392,9,3.184724522857749
755,1.272634069095588,2.7576929117971973,1.180617278189894,12,3.44591411429453
756,0.7934548215031035,3.1809201936738636,1.9255488646091394,13,3.6344678190672663
757,0.9437097118909399,3.1125065940737455,1.6836667398026703,14,3.7375995226175704
758,1.3920500274120182,3.089847413638135,1.0545061772143212,13,3.6164024136535398
759,1.342767290771589,3.0033531755993605,1.5763741353618825,13,3.648745817887491
760,1.218700077365687,3.134038977966423,0.44206996802443643,12,3.4660692014486174
761,1.4322620854057297,2.8875619111999793,0.7300115077293694,11,3.360452998497273
762,1.09623730505536,2.950110260843688,0.3445508321070291,9,3.1890507035001336
763,1.39482083851453,3.0446377803077076,0.09117999974431812,10,3.3073461724557385
764,0.8337265562154348,3.1277401370953344,1.1240921447110295,11,3.316718669090646
765,1.1858103363880979,2.7758338977657866,0.1724469299896516,9,3.1264788965758736
766,0.8817725541467234,3.0731909597204736,0.3106353728410667,7,2.8606085497389655
767,0.9551232197256101,2.9869555694188756,1.6643313992131596,14,3.6836494541575364
768,0.9503962450752282,3.041924519477919,1.9173690744937637,14,3.7714345830865934
769,0.9268642499082732,3.0749416998481105,1.7011477694719574,14,3.703232934737817
770,1.1086347518011128,3.0637968387348247,0.6162220042785216,11,3.410350925062789
771,1.0675252381619136,3.0251957547772763,0.48215605815288076,10,3.2584449695179525
772,0.9275094622883351,2.914014786165354,0.3215287479661513,7,2.91189433749808
773,0.876635974694568,2.979329145715213,0.11373012798874527,5,2.696978718477382
774,0.7210066696563119,3.0062150368800165,1.1981431647814063,9,3.142123125991441
775,1.164277519779963,3.133955890204601,0.649373550773402,12,3.5259138893256914
776,1.0638723715926672,3.038678876642875,1.190425031753401,13,3.6547269329383596
777,1.2705226565255812,3.0909052222858056,1.423170521373199,15,3.805024322164171
778,0.7144627195410611,3.1792082846825145,0.6361890480351484,6,2.8139115296455866
779,0.9353652398970462,3.0799742505303684,0.7521851445056684,10,3.243579980562071
780,1.2329714771322595,3.0989862836058326,0.02346305060046716,10,3.2101163589053736
781,0.9277598571669221,3.009879071455048,1.243857624198268,12,3.4881607353289583
782,0.8454492850844868,3.184277068072628,0.9638387532391713,10,3.254808740283143
783,1.0846947384451107,2.7534838759905984,0.5217672913014635,10,3.2112813440310073
784,0.7440858952097548,3.2386219650982886,1.8596425095419953,13,3.56080676034293
785,1.3421243825715523,2.9072181468464953,1.3629202875774258,12,3.5401608227969543
786,1.1778084331886263,3.2203079733091355,0.6679529559415436,13,3.585787782451574
787,1.4519134377912792,3.0971024962326457,0.16271897894050835,11,3.352866998067316
788,0.8493271311848405,2.7722000313243345,1.9473030399890465,12,3.4953207588205455
789,1.361398722509528,3.2205304480984616,0.14387057477710707,12,3.442419162509122
790,0.9115685930836479,2.8549417276800386,1.1083600086622967,11,3.3417515679082017
791,0.9727253327661454,2.889977147070973,1.5923762952146467,13,3.6307428755763604
792,0.7572308455200435,3.128729657581085,0.9926398140982176,9,3.1118724438387098
793,0.96876051731585,3.2497904928515515,1.144829049493255,13,3.5770619580486187
794,1.2073748023788724,3.066801578964543,0.20363296255863772,10,3.2824977021593966
795,1.1117679582700988,3.0382755937785015,0.31026489461738893,10,3.215149610441461
796,0.9126027974375148,3.1113024173256423,0.4095494470119272,8,2.9880534939508774
797,0.9458074980004426,3.009415006092497,1.7623867565945388,14,3.7120309818917323
798,1.3574296109281487,3.1881018914664327,1.9930478563071161,15,3.8340615208116335
799,0.8183040915356009,3.0146260030480168,0.2440378654881452,5,2.6955984730556075
800,1.0734322487592058,3.2191486470219726,0.3401405474151342,10,3.2250738348598533
801,1.0627516743590253,2.881886648592618,0.01199496647823109,7,2.904392636728686
802,1.4169264557601227,3.150162788944287,0.7175986874511666,13,3.5746192544513984
803,1.3128521181591932,2.936508410450465,0.8469969050589459,12,3.505458252859422
804,0.9654498915809129,3.037796550601979,1.1645269914233707,12,3.51229995095048
805,1.1584923983253739,3.0147310464242936,0.5509370155651567,11,3.415552918633054
806,1.1701815574956433,2.9077640564693388,1.9947166535147558,14,3.7764813896554403
807,1.0693508749711884,2.8158369582464875,0.6904728021890874,11,3.3120584761345846
808,1.1149208132864687,2.865474613408788,0.9906184692389306,12,3.5299276249116085
809,0.9671766297006634,3.0591964854944744,1.704829448843524,14,3.7481954844394063
810,0.8119221722478254,2.8863191715546215,1.0117214095709288,9,3.1521343156142194
811,1.3739240345023127,2.80664708182912,0.3438964736512875,10,3.2333149475053804
812,0.8192225920782417,3.0415866586038316,1.3394990728121074,11,3.3836354401633737
813,1.0992132616420818,3.1448244529125753,0.3614902285464028,10,3.260205320112721
814,1.053409934415741,3.1241050225450477,1.882703729783819,16,3.9260494283252116
815,1.0404851419316796,3.153359484868829,0.3476596273824948,9,3.162844254639001
816,1.3281736806032458,3.145147668166381,0.22242704486673848,12,3.42880991744868
817,1.3530254359591858,3.09208960863517,1.8069179772823643,14,3.7353146682890954
818,0.7875924510844556,3.028562693524439,1.3190629233072486,11,3.3197841026844976
819,0.7078711149855977,3.118784504943113,0.7628547134757018,7,2.8778375518684043
820,0.7508310877775032,3.022874202669746,0.44337775013460945,6,2.7198645619813573
821,0.8685726816324741,3.238680532465663,1.3791600952878462,12,3.5435667192898515
822,0.7280091668598254,2.9703995873629707,1.7249507286193095,11,3.3826573824459794
823,1.2166325787372032,3.0959659545943015,0.6888931422170774,13,3.583521719688903
824,1.330847864519852,2.9031706053781114,1.1473079683766194,12,3.5207836946910476
825,1.4329238783781033,3.244266752223483,1.6578209555312466,15,3.7876052987226156
826,0.9191070527356061,2.851173400499192,1.5172116257956203,12,3.523451854211058
827,1.0125219768294738,2.9418151707839444,1.854370754279623,14,3.7618264694768175
828,1.1207351187378136,3.161094518410585,1.1286016851907725,14,3.7460227876133416
829,0.7520674942935487,2.9089922606934486,1.423275419401497,10,3.275373809297646
830,0.8646813727280089,3.1795900313528667,0.6273065526431365,8,3.068804222312619
831,1.490858218289048,3.056572542119689,1.9977422657917903,12,3.5377047810813402
832,1.0810402383648148,3.022383834795433,1.7741758742614375,15,3.8606393458249446
833,1.4831512931337696,2.895146752495962,1.7475843882378195,11,3.418888230322294
834,1.1781546709164603,3.0062005126086366,1.5201494425732098,15,3.8196896627459327
835,0.7536396962973442,3.061227835489828,0.7184679927718777,7,2.9173029218170505
836,0.7131463888731954,3.2402035877432707,0.43437693202006544,5,2.678434279714655
837,1.1877532799502777,2.928706628736848,1.9067164176932185,14,3.7807705409012495
838,1.304400297750348,2.7885855855802033,1.3682052105722966,12,3.4658160352074905
839,1.0851760716320185,2.9655871242527834,0.4029435259280045,10,3.215439585437855
840,1.0767730881001825,3.2419721002700563,1.0983418440651764,14,3.706911028138197
841,1.2005288036310051,3.1968386840891427,1.3762501420902535,16,3.932341701127357
842,0.8588742623488277,2.9510199012219682,0.5413522815286373,8,2.9551130466922486
843,0.811489354406036,2.787640118180754,1.149964828333815,10,3.1944082076594635
844,1.4159254067385352,3.020409068080534,1.9417149069004844,13,3.5782052410126086
845,1.2203729432924617,2.7632664031169027,0.8694882917787394,11,3.42539850164645
846,1.3934513614971311,2.878115337174691,0.6588108014307146,11,3.3597712873048913
847,1.3174878975832545,2.8395225788643152,0.6156600978044573,11,3.363031683353976
848,1.387093983836741,3.2288135380613716,1.8407957483157775,15,3.8354205993952477
849,0.7773856455457734,3.1776467050730304,1.3198351667134693,11,3.3471148096073167
850,1.1006220127583886,3.163044910435946,0.5049600880945219,11,3.3608704576699573
851,0.9591976173027313,2.7860256149303853,0.18340390915263716,7,2.8401548561470515
852,0.7358017640809121,3.077211042886125,0.5523985560206457,6,2.77761929178751
853,0.7723114062903067,2.91732224443252,0.13703699384382895,4,2.525430083203794
854,0.7866028845784463,3.182065967902295,1.1936876810262227,10,3.293341042620677
855,0.9471031579253472,2.967067780500963,1.461740677998738,13,3.5936093910974805
856,1.0013241204044239,2.8246179833293015,0.1386195560556165,7,2.8835095197232885
857,1.4508957736093868,3.1130946207053114,0.9438373820786252,13,3.5686034272172793
858,0.703542832814541,3.003065466843325,0.5419532499604398,5,2.7022081925412333
859,1.436506182538018,2.95426425299385,1.9265958713984426,12,3.49593111554903
860,0.9642028570505607,3.2043869575611494,0.587870308291012,10,3.2133897646471725
861,1.4661712905289954,2.767191548512821,1.8725697661423968,11,3.321420793314555
862,1.4896703235272768,2.8951458228567373,0.15936904521326098,10,3.200364632978542
863,1.2956506515348454,3.2312804415183827,0.48997699243815984,13,3.6000777289002936
864,1.2331605336461262,2.888861690817341,0.9785927735803366,13,3.55322325132982
865,1.462737567029764,3.0280876471383436,0.9415361741396082,12,3.4914504122011003
866,1.0033571730253457,2.8090720240968294,0.7057925651641821,10,3.23522474955466
867,1.2375686616507826,3.1282465176222605,1.0701144031257845,14,3.7735052686940884
868,0.890404089184988,3.0715327240658716,1.5054841231323872,13,3.577552268495027
869,1.244071887400056,2.869709184444444,0.2678035526321616,10,3.264566702441874
870,1.4800068438178178,3.1659757626827103,0.3198468629958777,12,3.4400456617503368
871,1.2884127214688261,3.19257469766211,0.9896988387883507,14,3.7771856853254206
872,1.121990648576746,3.065327313055861,0.9880869133107294,13,3.634419683765115
873,1.2103295270762748,3.084969973286574,1.5322948516919752,15,3.8758188088537544
874,0.807555430739468,3.045095970658426,1.9639260951856379,13,3.600794265907011
875,1.350229406229282,2.8040973145462478,1.2168568230014811,11,3.424153038657395
876,0.9631021610135058,2.7516035587634824,0.12178289897366423,6,2.796941148856974
877,1.2476886348635134,3.1302052493851296,1.0836006610732207,14,3.7762669364763632
878,0.7858705453170791,2.9531472773751433,0.009569454601416894,3,2.462230253775558
879,1.2421465462595846,2.9045769573631746,1.2534334828392117,13,3.623918515851766
880,1.4630457950684062,3.0504545899183606,1.1687414146635164,12,3.5429385661424657
881,1.3362689902244758,2.863209710641086,0.5054724929459844,11,3.340044691291393
882,0.8851541277207213,3.0923281025883043,1.981193304360769,14,3.732783490573703
883,1.1903227550770246,2.767728340256435,0.06498130671194824,8,3.0654595356234737
884,1.0827288669479056,2.9115913659453856,0.2381908964385735,9,3.0908521405576264
885,1.0525580457868846,3.031116286369186,0.6317120546463282,11,3.3319628393507035
886,0.7252285491093622,2.8060879463970743,0.5448795251678151,5,2.707113610823386
887,0.8543304649620058,3.0283268054916235,0.32249914404208996,6,2.8144398192120983
888,1.0018351510670973,2.9943926675810637,0.4671355481939645,9,3.143084950851341
889,0.8886710138750633,2.896991852186397,0.2796415101704705,6,2.8173501873061118
890,0.7557433659744475,2.8993660395870484,1.56016498760117,11,3.334959040799275
891,1.179521973560813,2.90274254277051,0.07413878515412686,9,3.1104822720134866
892,1.1294231385693236,3.1591427768001115,0.9206037290424529,13,3.6471579246560624
893,1.2731136448742812,2.8358305763713534,1.0966788086575454,12,3.5032169214799804
894,0.9991369637505456,2.955851054521664,1.4913787170192259,13,3.663311788358072
895,1.2867300610843648,3.078031629453543,0.5559204389774772,12,3.5333802384849045
896,1.112998358973321,3.0798564641458333,1.4405157185275825,15,3.8303237567330153
897,0.8959904166787684,2.893197731488156,1.01454201166887,10,3.283580418630252
898,1.3331602117837285,2.894566155136408,1.9827045822679745,12,3.5468701493916335
899,1.3274780596684723,2.9454818294109657,0.2159933000322281,10,3.3008747862882863
900,1.3213504036719002,3.1820685281857513,0.7057873932261112,13,3.6576531420205676
901,1.1645239924083055,2.835752266065549,0.7048365879150125,11,3.4168162415591214
902,0.8075654572431773,3.0492550595774572,1.75120994971029,12,3.5420267823027234
903,0.9949245145486592,3.076732156728332,1.7813900447855946,15,3.8122731170418334
904,1.0951976859995456,3.0327058672424867,1.3949912532286777,14,3.7709170598900124
905,0.7769368768155536,2.8304800160382233,0.17444905957498424,4,2.5466130901330852
906,1.4102285390369513,3.0518972955469352,1.1055921426428401,13,3.57640310999346
907,1.1055897826946977,3.070093803524411,1.0998504173266894,14,3.673822588861554
908,1.1768540308578619,2.8238535719704743,1.08376929930368,13,3.5544746967521625
909,1.3887337706428184,2.9461685269481395,0.7468504120702926,12,3.436421016987483
910,1.4440891499110067,3.237359859785427,1.9789489296227658,14,3.763994652770397
911,1.247875287470575,2.8699111992589663,1.2363286480313853,13,3.5828667208361242
912,1.1315650199288747,2.816688484510755,0.9728072499801574,12,3.50491534943927
913,0.7612006870373115,3.1089648175649636,0.6583756419154669,7,2.8991369496362562
914,0.9826603007063319,3.0382417551859535,1.122293364844694,12,3.514984961205224
915,1.4083181954708612,3.0863395798063205,0.9463084353547679,13,3.579411385348032
916,1.3460659093834106,3.19107960133033,0.5361398407650617,13,3.593241353796061
917,0.8290425366975163,2.9104718965623935,0.47537355815924254,7,2.854095227442455
918,0.9708527300258851,3.20232704323338,1.8498933567622575,15,3.8691709632607676
919,0.7794311330675413,2.9924601289738435,0.3278760780185874,5,2.6840782100009
920,1.0780460317517775,2.950163041950231,1.4646289210765162,14,3.7314383424158066
921,1.4730754573963383,3.0461778728512328,1.6035019613770252,13,3.55983132344209
922,1.3925443378766391,3.2304442089723584,0.7489522886845597,13,3.666188767108377
923,0.7136418576280973,3.2473510030477994,1.0384380215777786,9,3.090075707093135
924,1.2284379342650318,3.1998234041809166,1.3036197516104349,16,3.9086128243081584
925,0.9893001838074746,2.9514802844663897,0.3910364945906375,8,3.063487877645864
926,1.332563293085743,3.0602802175807446,0.22593376115515146,11,3.3794631900676992
927,1.1332568105103715,2.9855100820179192,1.8261826495789657,15,3.862404440650297
928,0.9418179129797422,2.7905848912602864,0.6447543198574597,9,3.1079763293811093
929,1.3591619037524207,3.18808904503518,0.71086148255292,13,3.643578786681678
930,1.1678684536207737,3.0617500807246505,0.16585463972256864,10,3.2058916660934353
931,0.8070899720976107,2.8196481296473896,0.11671589928387549,4,2.5553603655907438
932,1.395838448195162,3.113308241798952,0.6479955362796657,12,3.5412793009764467
933,1.3301084634447713,2.8014614839480623,1.5440893008560987,12,3.461978484009138
934,1.066686747244986,3.1049936875942423,0.14833515488623283,8,3.056552610378806
935,0.9674893204088753,2.7909372896543867,0.5095224022070388,8,3.0632617756503926
936,0.825255790360478,2.7643308105268454,0.11656019445846466,4,2.5762289962235823
937,0.9546201134473937,2.9828264147843577,1.8176371314027535,14,3.7209035768363914
938,1.3068958217468252,2.8295151313980913,0.06176426085847808,9,3.160891983974451
939,1.385494186127855,2.8491432643872128,0.5454118119878565,11,3.3145793312750804
940,1.4393126848641977,3.232553617299761,0.95050543160769,14,3.678692152338217
941,0.9267046916882881,2.756067381074328,0.8979032852344648,10,3.218754509840695
942,0.8449796887615258,3.1820845888436904,0.8879995698232575,10,3.2062155505628605
943,0.9305535513969664,2.781743714601656,1.2861291619081532,11,3.41846382434711
944,0.9642353751385627,2.7797538483087285,0.5156585506306325,8,3.0590962683408147
945,1.1376444645949153,2.8611685024420295,1.9200607080526555,14,3.7479755517849926
946,1.3560523068804933,2.9161457488758753,0.3454396685433252,11,3.3207390039652673
947,1.2362211361442688,3.194339786023405,0.6480898415311743,13,3.6261853283994037
948,0.9985780298857578,2.9761133793111685,1.127334409611264,12,3.5158412317772054
949,0.9032983638868214,2.962500920763851,1.2631346720886565,12,3.4450744203486106
950,0.7206592642640443,3.046276966932555,0.9968258833694772,8,3.0344322939619266
951,0.8435816948898813,3.1863028612840534,0.5769128037617275,8,2.9999764823232447
952,1.0139700801724478,3.069113231761791,0.6341519321682448,10,3.2880363969824375
953,1.4677653464228588,3.148502019688575,0.8924820563175824,13,3.5755814442728253
954,1.1441262678432114,3.1213844388163245,0.4200132632488207,11,3.355594638264899
955,1.4466160175275276,2.9381014309274662,1.33489255341291,12,3.4762771197832536
956,1.024553934328381,2.9179581985067014,0.863942672220862,11,3.3903904641326195
957,0.8998765690541998,3.202298653378961,1.006275546861626,11,3.3742851134382073
958,1.4364668031706305,3.1366083972099834,1.0658657152979205,13,3.620983717520339
959,1.0131420222607277,3.0347527671614105,0.6942979429802025,11,3.3143090458219597
960,0.8650882364834384,2.7823514910569984,0.7343142843317452,8,3.0449779030722612
961,0.7364857149834318,3.1322853877329577,0.4024911436348777,5,2.6825877360510377
962,1.0659621972282391,3.171168188158369,0.8845327115679253,12,3.5468648007702592
963,1.1917550436928506,2.8301615783477425,0.29781949270181785,10,3.2261118541937783
964,1.3010200936886551,2.8400716350420017,0.43755951479880717,11,3.316029554805498
965,0.8229055298968061,2.872592971849675,0.7086340213264284,8,2.9863576884342256
966,1.1185466488390536,2.8077251754354853,1.2116766944587085,13,3.5812241892174086
967,1.4842652270342485,3.028268383482623,0.49064123474056354,11,3.3845419821301896
968,0.7980398279908316,2.853874304662974,0.8845197024507043,8,3.0485585081834388
969,1.2235275887773813,2.9175507328160255,1.412972973729655,14,3.6818251808252564
970,0.9580793715836671,3.1558039625078176,0.29581162017296503,8,2.9937811450988656
971,1.0779588064797956,2.8878585693816796,1.6069330104414377,14,3.728750241627576
972,0.8301951380387476,2.874981758585163,1.2346254641684382,10,3.29339974955673
973,1.0938005555149726,3.16983509425616,1.9108584659075996,16,3.9982275620015986
974,0.9844643537712496,3.2116299391606353,1.2574448470511292,13,3.6490938295066595
975,0.9853960778404975,3.2216696778080776,0.23615911784621657,8,3.010085652408387
976,1.2743170987943262,3.0131931810559536,1.2448636481261064,14,3.693975908268199
977,0.7042658917404931,2.7574329497569448,0.1879106630161389,3,2.4209467266696905
978,1.2021665166650268,2.832469503749668,0.4057979764518369,10,3.2915944055850215
979,1.0074294735637965,2.7586112673366023,1.2521981260552546,12,3.482201446810317
980,0.9775162854131734,2.9491582230350373,0.11010189054326514,7,2.8550201154616373
981,1.150326376798781,2.968541217919146,0.4639839524171984,11,3.3374277533207515
982,1.1203669945706813,3.0554330707674255,0.4306121455815146,10,3.3091158529086897
983,0.7000949028543507,2.807681894403223,1.4601772873060446,9,3.1765406051943
984,0.7770268498670885,2.796584916633752,1.6361010907196527,11,3.349259606922255
985,1.3293260359134396,2.958956024625689,1.3328153665898432,13,3.598997284373419
986,0.7180586372417777,2.9869060487352064,1.7800253955700711,11,3.393252277601874
987,0.8748471405951921,2.859278887338869,1.5132395520370383,12,3.4689683858072016
988,1.2094032228171896,3.13347366662572,0.9435212038311298,14,3.7228963357066274
989,1.312641288021105,2.8684218899150022,0.39320305647666554,11,3.317591138685016
990,1.081044848683622,2.906234787943859,1.9686485542588212,15,3.791715042528269
991,0.9730447060001113,3.108551502994342,1.7924463338920122,15,3.806675011730913
992,0.9834616068308049,2.975983143834625,1.439181887544525,13,3.635125773502871
993,0.848662330494938,3.0920062071254506,1.2696528540211178,11,3.4099228227778946
994,1.145692945349381,2.8525902555204987,0.28786884196903617,9,3.18353118318633
995,0.9965779403366508,3.094567175397148,0.8689916616161549,11,3.4127612671121703
996,0.7247144022793375,3.030358997652356,0.05311774636476474,3,2.3958261597746016
997,0.886199614906202,2.800222189388441,0.6602905902718321,8,3.037425851301954
998,0.7685134229454222,3.047240286367961,0.3554850076450358,5,2.6930909811688624
999,0.9013643663501305,3.0558909740147033,0.715431791488834,9,3.1602449950121265
