7.870173753942294e-06,-8.463893681965804e-06
0.060213122976587284,-0.06225135403308664
-2.5168969654566332e-06,2.5195821804230673e-06
-1.4915357685066538e-05,1.493363734972986e-05
-1.1512925154337846e-05,1.152716462514383e-05
-0.03399692327357028,-0.16144360358611526
0.00028233857233003897,-0.0002829707334622339
0.030865650911485343,-0.03133814059167873
0.010449060707527732,-0.0105291371893114
0.0013330811347820873,-0.0013363246280718992
0.1737127285758097,-0.3138828729092125
0.005756666680489965,-0.005782804142137318
-0.011884910854717075,-0.0490448340188977
0.03038750302115428,-0.0906604155736553
-0.047144719018728194,-0.07991635855351813
0.06834708968630365,-0.10913749933771735
0.03515257276685228,-0.1959109306020011
0.13575665804441395,-0.208380061718849
0.1551616185402145,-0.17118318263357948
0.049413381125509186,-0.050830776973931076
0.15093839252726904,-0.45826235538914145
0.0683283967289602,-0.0717061021282583
0.0021714188326243246,-0.053422006821915384
0.02781191006671425,-0.06600196326106816
0.020174580432268614,-0.059372277512662004
0.016436218342432474,-0.0743297190347877
0.001125205509897998,-0.0011289549307832542
0.16482219215745528,-0.17813987163128076
-0.01831376215716188,-0.5500241801805106
0.18790589897970758,-0.31296399213113213
0.14173907953111758,-0.17779918632340294
0.0017395841550882705,-0.0017438295422431522
0.008391154886263439,-0.00845786900631145
0.08495028843863707,-0.13419706485081437
0.1630211960073,-0.20167089727561802
0.028547440582715862,-0.06384636883246587
0.14569847011764686,-0.27950937359059197
0.11356521921327567,-0.18848721961547282
0.009153028386463782,-0.009245778181405928
0.0016124148089660532,-0.0016185175115452561
-0.0330214792418393,-0.14396133331548397
0.00030796754625008697,-0.00030861021950516997
0.014854945004991954,-0.015043053144485603
0.11768405198611168,-0.1245121506249258
0.31392147895309874,-0.3879117124103171
-0.007173492876678036,-0.5133063381186165
0.10213251842641528,-0.10955561044288968
0.0009780034848575478,-0.0009794841906811543
0.14840635058555993,-0.17419492582183557
-0.017241528764051446,-0.09590785838269568
0.07057756399388077,-0.07444654474096353
0.08656450858535682,-0.12601715696639365
0.08633849134197985,-0.13779552448880653
0.01379212095331114,-0.06981752191766064
0.0013347444486244942,-0.001339799599363545
0.0007120095902802563,-0.0007139279580907263
0.0017843544067265424,-0.0017895349152054324
0.0038317392087375184,-0.0038511416320255024
-0.02974711058821926,-0.09293361761642398
0.11835833121347414,-0.2390046622164846
0.17387096467004412,-0.21298050007182054
0.21819989198476492,-0.24784500374259835
0.007577132483123617,-0.10570934285837333
0.06524500758031278,-0.06816691364231599
-0.0006472131385852867,-0.0480897446204955
0.2348163399005861,-0.4314837269093122
-0.02101432441254457,-0.06358227761372288
0.0791447551736699,-0.1356195689555382
0.07832990646642776,-0.20468400850164808
-0.0066297674721308595,-0.06266365099945732
0.006287509561679226,-0.006325312921511391
0.04078680504736032,-0.04167851405854082
0.22911527780617977,-0.27090843183716207
0.0011173109703743467,-0.0011208211826482133
0.05100524009203738,-0.09776015590514145
0.06629983792197577,-0.09988213636924086
0.016616893413050754,-0.06248688547230915
0.013099686861639944,-0.013208260082644379
-0.017360128074903343,-0.10322239701291845
0.05821037183001448,-0.4610023915395763
0.005480188234825165,-0.005514307965770828
0.00803834249275548,-0.008112195750368248
0.0007600867714251245,-0.0007621897545342175
0.019008203037662128,-0.01931305891546741
0.030383548111568244,-0.030977194885775005
0.1309419419772223,-0.1386076998457785
0.0013783499295352511,-0.0013833945187677365
0.04969555852662001,-0.2146680747895928
0.30459934399128774,-0.42015923281672396
0.1713883899688283,-0.2008091583955856
0.22296916640014525,-0.27037985272584014
0.07494608385514212,-0.07834162948146849
-0.050892452082434717,-0.14047341637151206
-0.04134909745736116,-0.2960967440256293
0.09156231471587056,-0.16470899697079164
0.014507766735023322,-0.014697793293349385
0.11390079161542782,-0.1965294539502784
0.015788078457663637,-0.015969273386640385
0.011288011171880186,-0.011413689193781542
0.11154583452894372,-0.1175273588058468
3.488885564553795e-05,-3.494586479369395e-05
-0.016750128287922904,-0.502919435873003
0.05367077002697721,-0.17191094509493127
0.010466244376048128,-0.010535593497425206
0.030622476665711718,-0.031103167270784802
-0.038489698060116394,-0.26934584891471236
0.03748039257229096,-0.03811276803810848
0.0211086382972738,-0.021432422202037758
0.007248278152832074,-0.007293583547918984
0.002646222640960713,-0.002656736276125217
0.0068131691642672266,-0.006850293471539547
0.11036069315665971,-0.12066202539635794
0.0574246956809737,-0.1068590357193158
0.02928997178578903,-0.02993926813278425
0.02184988488254709,-0.3799319575889957
-0.02801188446051146,-0.18534926643168356
0.007105891870434504,-0.0071405213968667855
-0.006814962849392419,-0.06712512676841333
-0.020215660024293616,-0.46351178205541804
0.268156058988139,-0.34855696020276095
0.04955044499520501,-0.050955228268784465
-0.03907508818786179,-0.10107858303679579
0.02070607602161313,-0.020978614854145976
0.04122817486548704,-0.4507191065574125
0.005910396826890227,-0.005940324683198547
-0.03043281005031898,-0.17711209117444912
0.01945715674238974,-0.11998977566111503
-0.004064220991925326,-0.0841994236413214
0.13110817094642296,-0.14764617018746626
0.14135959899322093,-0.21108190433978888
-0.0024751568237426913,-0.46517712891568713
0.015845757580234595,-0.015991944178923616
0.0005081358968526661,-0.0005093669581790606
0.13718619713172914,-0.15866332093573451
0.2790386551069051,-0.34117883016170325
0.012595092034177413,-0.012702935261692376
0.0007213668926712795,-0.0007231129240250958
0.1762497877457482,-0.21178223560691023
0.009951955044430952,-0.010015731504491903
0.1359717108415634,-0.14774542816098907
0.031836382606259005,-0.032497406968416756
0.009905167430525845,-0.009982737309505274
0.06780270340190192,-0.13080823073711106
-0.01790040269230329,-0.07336254024772809
0.02008535785987658,-0.02033910973848322
0.07583064331318791,-0.19028944781317064
0.2153202212152905,-0.2791714921335608
0.0021609618004741443,-0.002166527366364799
0.0008353065122525771,-0.0008376234410678627
0.0027519680199798854,-0.0027618966265905956
0.10926410767752641,-0.16235849817510567
0.021304491785340506,-0.021540715402833113
0.1015656535790028,-0.18402926389142438
0.010664858888880845,-0.010737161251668067
0.0005046955302586596,-0.0005055510617758731
0.028459411615747335,-0.02902472959721737
-0.03488241124277794,-0.05173066538285877
-0.0012287958932890243,-0.11975057107269566
-0.034177254059404284,-0.04912418546819057
0.0942017982515518,-0.09945575090228376
